{"options":{"check_for_updates":true,"user_modified":null,"comment":null,"compatopts_for_requires":true,"compat_wrappedjsobject":false,"compat_metadata":false,"compat_foreach":false,"compat_powerful_this":null,"sandbox":null,"noframes":null,"unwrap":null,"run_at":null,"run_in":null,"tags":[],"override":{"use_includes":[],"orig_includes":[],"merge_includes":true,"use_matches":[],"orig_matches":["*://*.bilibili.com/*"],"merge_matches":true,"use_excludes":[],"orig_excludes":["*://message.bilibili.com/pages/nav/header_sync","*://message.bilibili.com/pages/nav/index_new_pc_sync","*://data.bilibili.com/*","*://cm.bilibili.com/*","*://shop.bilibili.com/*","*://link.bilibili.com/*","*://passport.bilibili.com/*","*://api.bilibili.com/*","*://api.*.bilibili.com/*","*://*.chat.bilibili.com/*","*://member.bilibili.com/*","*://www.bilibili.com/tensou/*","*://www.bilibili.com/correspond/*","*://live.bilibili.com/p/html/*","*://live.bilibili.com/live-room-play-game-together","*://www.bilibili.com/blackboard/comment-detail.html*","*://www.bilibili.com/blackboard/newplayer.html*"],"merge_excludes":true,"use_connects":[],"orig_connects":[],"merge_connects":true,"use_blockers":[],"orig_run_at":"document-start","orig_run_in":[],"orig_noframes":null,"orig_tags":[]}},"settings":{"enabled":true,"position":1},"meta":{"name":"bilibili 页面净化大师","uuid":"2e6aa7e8-00c0-4f38-a585-0cab6a9465c5","modified":1765424626030,"file_url":"https://update.greasyfork.org/scripts/479861/bilibili%20%E9%A1%B5%E9%9D%A2%E5%87%80%E5%8C%96%E5%A4%A7%E5%B8%88.user.js"}}