{"ts":1765424810718,"data":{"BILICLEANER_video-page-hide-bpx-player-bili-guide-all":"btrue","BILICLEANER_video-page-hide-bpx-player-bili-vote":"btrue","BILICLEANER_video-page-hide-bpx-player-bili-score":"btrue","BILICLEANER_video-page-hide-bpx-player-bili-clock":"btrue","BILICLEANER_video-page-hide-bpx-player-bili-score-sum":"btrue","BILICLEANER_video-page-hide-bpx-player-bili-cmtime":"btrue","BILICLEANER_video-page-hide-bpx-player-bili-reserve":"btrue","BILICLEANER_video-page-hide-bpx-player-bili-link":"btrue","BILICLEANER_video-page-hide-bpx-player-top-left-title":"btrue","BILICLEANER_video-page-hide-bpx-player-state-wrap":"btrue","BILICLEANER_video-page-hide-bpx-player-ending-related":"btrue","BILICLEANER_video-page-hide-bpx-player-dialog-wrap":"btrue","BILICLEANER_video-page-bpx-player-bili-high-icon":"btrue"}}